aiwilliams = Adam Williams <adam@thewilliams.ws>
awilliams = Adam Williams <adam@thewilliams.ws>
adamw = Adam Williams <adam@thewilliams.ws>
ataylor = Austin Taylor <austin.taylor@gmail.com>
dotjerky = Austin Taylor <austin.taylor@gmail.com>
credinger = Chris Redinger <redinger@gmail.com>
paul = Paul Nicholson <paultnicholson@gmail.com>
matt = Matt Harrell <matt@fivepointssolutions.com>
jlong = John W. Long <me@johnwlong.com>
johnl = John W. Long <me@johnwlong.com>
redinger = Christopher <redinger@gmail.com>
rwdaigle = Ryan Daigle <ryan.daigle@gmail.com>
ntalbott = Nathaniel Talbott <nathaniel@terralien.com>
stevei = Steve Iannopollo <steve@iannopollo.com>
siannopollo = Steve Iannopollo <steve@iannopollo.com>
brandon = Brandon Mathis <brandon@imathis.com>
imathis = Brandon Mathis <brandon@imathis.com>
jhl = James H. Long <jlong@mindspring.com>
jleddy = Joseph P. Leddy <josephleddy@juno.com>
mikehale = Michael Hale <mikehale@gmail.com>
bogus = David Bogus <davidbogus@gmail.com>
aschwabacher = Adam Schwabacher <aschwabacher@logostech.net>
